timestamp,period,result,size,color
2026-04-14 10:33:49,20260414100050108,6,Big,Red
2026-04-14 10:33:49,20260414100050109,7,Big,Green
2026-04-14 10:33:49,20260414100050110,8,Big,Red
2026-04-14 10:33:49,20260414100050111,5,Big,Green+Violet
2026-04-14 10:33:49,20260414100050112,3,Small,Green
2026-04-14 10:33:49,20260414100050113,0,Small,Red+Violet
2026-04-14 10:33:49,20260414100050114,5,Big,Green+Violet
2026-04-14 10:33:49,20260414100050115,6,Big,Red
2026-04-14 10:33:49,20260414100050116,6,Big,Red
2026-04-14 10:33:49,20260414100050117,2,Small,Red
2026-04-14 10:33:48,20260414100050118,5,Big,Green+Violet
2026-04-14 10:33:48,20260414100050119,1,Small,Green
2026-04-14 10:33:48,20260414100050120,1,Small,Green
2026-04-14 10:33:48,20260414100050121,2,Small,Red
2026-04-14 10:33:48,20260414100050122,3,Small,Green
2026-04-14 10:33:48,20260414100050123,9,Big,Green
2026-04-14 10:33:48,20260414100050124,5,Big,Green+Violet
2026-04-14 10:33:48,20260414100050125,2,Small,Red
2026-04-14 10:33:48,20260414100050126,2,Small,Red
2026-04-14 10:33:48,20260414100050127,8,Big,Red
2026-04-14 10:33:46,20260414100050128,0,Small,Red+Violet
2026-04-14 10:33:46,20260414100050129,4,Small,Red
2026-04-14 10:33:46,20260414100050130,9,Big,Green
2026-04-14 10:33:46,20260414100050131,7,Big,Green
2026-04-14 10:33:46,20260414100050132,5,Big,Green+Violet
2026-04-14 10:33:46,20260414100050133,9,Big,Green
2026-04-14 10:33:46,20260414100050134,6,Big,Red
2026-04-14 10:33:46,20260414100050135,5,Big,Green+Violet
2026-04-14 10:33:46,20260414100050136,5,Big,Green+Violet
2026-04-14 10:33:46,20260414100050137,1,Small,Green
2026-04-14 10:33:45,20260414100050138,7,Big,Green
2026-04-14 10:33:45,20260414100050139,5,Big,Green+Violet
2026-04-14 10:33:45,20260414100050140,5,Big,Green+Violet
2026-04-14 10:33:45,20260414100050141,1,Small,Green
2026-04-14 10:33:45,20260414100050142,2,Small,Red
2026-04-14 10:33:45,20260414100050143,3,Small,Green
2026-04-14 10:33:45,20260414100050144,5,Big,Green+Violet
2026-04-14 10:33:45,20260414100050145,8,Big,Red
2026-04-14 10:33:45,20260414100050146,9,Big,Green
2026-04-14 10:33:45,20260414100050147,2,Small,Red
2026-04-14 10:33:43,20260414100050148,1,Small,Green
2026-04-14 10:33:43,20260414100050149,2,Small,Red
2026-04-14 10:33:43,20260414100050150,2,Small,Red
2026-04-14 10:33:43,20260414100050151,3,Small,Green
2026-04-14 10:33:43,20260414100050152,4,Small,Red
2026-04-14 10:33:43,20260414100050153,1,Small,Green
2026-04-14 10:33:43,20260414100050154,6,Big,Red
2026-04-14 10:33:43,20260414100050155,2,Small,Red
2026-04-14 10:33:43,20260414100050156,7,Big,Green
2026-04-14 10:33:43,20260414100050157,8,Big,Red
2026-04-14 10:33:42,20260414100050158,3,Small,Green
2026-04-14 10:33:42,20260414100050159,8,Big,Red
2026-04-14 10:33:42,20260414100050160,4,Small,Red
2026-04-14 10:33:42,20260414100050161,5,Big,Green+Violet
2026-04-14 10:33:42,20260414100050162,1,Small,Green
2026-04-14 10:33:42,20260414100050163,4,Small,Red
2026-04-14 10:33:42,20260414100050164,2,Small,Red
2026-04-14 10:33:42,20260414100050165,1,Small,Green
2026-04-14 10:33:42,20260414100050166,5,Big,Green+Violet
2026-04-14 10:33:42,20260414100050167,3,Small,Green
2026-04-14 10:33:40,20260414100050168,3,Small,Green
2026-04-14 10:33:40,20260414100050169,9,Big,Green
2026-04-14 10:33:40,20260414100050170,5,Big,Green+Violet
2026-04-14 10:33:40,20260414100050171,3,Small,Green
2026-04-14 10:33:40,20260414100050172,6,Big,Red
2026-04-14 10:33:40,20260414100050173,8,Big,Red
2026-04-14 10:33:40,20260414100050174,8,Big,Red
2026-04-14 10:33:40,20260414100050175,1,Small,Green
2026-04-14 10:33:40,20260414100050176,1,Small,Green
2026-04-14 10:33:40,20260414100050177,6,Big,Red
2026-04-14 10:33:39,20260414100050178,5,Big,Green+Violet
2026-04-14 10:33:39,20260414100050179,4,Small,Red
2026-04-14 10:33:39,20260414100050180,5,Big,Green+Violet
2026-04-14 10:33:39,20260414100050181,8,Big,Red
2026-04-14 10:33:39,20260414100050182,1,Small,Green
2026-04-14 10:33:39,20260414100050183,4,Small,Red
2026-04-14 10:33:39,20260414100050184,8,Big,Red
2026-04-14 10:33:39,20260414100050185,5,Big,Green+Violet
2026-04-14 10:33:39,20260414100050186,5,Big,Green+Violet
2026-04-14 10:33:39,20260414100050187,7,Big,Green
2026-04-14 10:33:37,20260414100050188,8,Big,Red
2026-04-14 10:33:37,20260414100050189,7,Big,Green
2026-04-14 10:33:37,20260414100050190,9,Big,Green
2026-04-14 10:33:37,20260414100050191,6,Big,Red
2026-04-14 10:20:27,20260414100050192,8,Big,Red
2026-04-14 10:20:27,20260414100050193,5,Big,Green+Violet
2026-04-14 10:20:27,20260414100050194,6,Big,Red
2026-04-14 10:20:27,20260414100050195,6,Big,Red
2026-04-14 10:20:27,20260414100050196,5,Big,Green+Violet
2026-04-14 10:20:27,20260414100050197,2,Small,Red
2026-04-14 10:20:27,20260414100050198,3,Small,Green
2026-04-14 10:20:27,20260414100050199,1,Small,Green
2026-04-14 10:20:27,20260414100050200,0,Small,Red+Violet
2026-04-14 10:20:25,20260414100050201,4,Small,Red
2026-04-14 10:20:25,20260414100050202,5,Big,Green+Violet
2026-04-14 10:20:25,20260414100050203,6,Big,Red
2026-04-14 10:20:25,20260414100050204,2,Small,Red
2026-04-14 10:20:25,20260414100050205,5,Big,Green+Violet
2026-04-14 10:20:25,20260414100050206,2,Small,Red
2026-04-14 10:20:25,20260414100050207,0,Small,Red+Violet
2026-04-14 10:20:25,20260414100050208,8,Big,Red
2026-04-14 10:20:25,20260414100050209,5,Big,Green+Violet
2026-04-14 10:20:25,20260414100050210,8,Big,Red
2026-04-14 10:20:23,20260414100050211,8,Big,Red
2026-04-14 10:15:26,20260414100050212,5,Big,Green+Violet
2026-04-14 10:15:26,20260414100050213,2,Small,Red
2026-04-14 10:15:26,20260414100050214,7,Big,Green
2026-04-14 10:15:26,20260414100050215,0,Small,Red+Violet
2026-04-14 10:15:26,20260414100050216,3,Small,Green
2026-04-14 10:15:26,20260414100050217,6,Big,Red
2026-04-14 10:15:26,20260414100050218,5,Big,Green+Violet
2026-04-14 10:15:26,20260414100050219,9,Big,Green
2026-04-14 10:15:26,20260414100050220,4,Small,Red
2026-04-14 10:15:24,20260414100050221,7,Big,Green
2026-04-14 10:15:24,20260414100050222,0,Small,Red+Violet
2026-04-14 10:15:24,20260414100050223,3,Small,Green
2026-04-14 10:15:24,20260414100050224,8,Big,Red
2026-04-14 10:15:24,20260414100050225,4,Small,Red
2026-04-14 10:15:24,20260414100050226,8,Big,Red
2026-04-14 10:15:24,20260414100050227,5,Big,Green+Violet
2026-04-14 10:15:24,20260414100050228,8,Big,Red
2026-04-14 10:15:24,20260414100050229,6,Big,Red
2026-04-14 10:15:24,20260414100050230,1,Small,Green
2026-04-14 10:15:23,20260414100050231,3,Small,Green
2026-04-14 10:15:23,20260414100050232,8,Big,Red
2026-04-14 10:15:23,20260414100050233,3,Small,Green
2026-04-14 10:15:23,20260414100050234,8,Big,Red
2026-04-14 10:15:23,20260414100050235,0,Small,Red+Violet
2026-04-14 10:15:23,20260414100050236,1,Small,Green
2026-04-14 10:15:23,20260414100050237,7,Big,Green
2026-04-14 10:15:23,20260414100050238,9,Big,Green
2026-04-14 10:15:23,20260414100050239,8,Big,Red
2026-04-14 10:15:23,20260414100050240,3,Small,Green
2026-04-14 10:16:25,20260414100050241,8,Big,Red
2026-04-14 10:16:25,20260414100050242,4,Small,Red
2026-04-14 10:16:23,20260414100050243,1,Small,Green
2026-04-14 10:16:23,20260414100050244,3,Small,Green
2026-04-14 10:16:23,20260414100050245,2,Small,Red
2026-04-14 10:16:23,20260414100050246,6,Big,Red
2026-04-14 10:16:23,20260414100050247,8,Big,Red
2026-04-14 10:16:23,20260414100050248,1,Small,Green
2026-04-14 10:16:23,20260414100050249,5,Big,Green+Violet
2026-04-14 10:16:23,20260414100050250,3,Small,Green
2026-04-14 10:16:23,20260414100050251,7,Big,Green
2026-04-14 10:16:23,20260414100050252,7,Big,Green
2026-04-14 10:16:22,20260414100050253,2,Small,Red
2026-04-14 10:16:22,20260414100050254,4,Small,Red
2026-04-14 10:16:22,20260414100050255,1,Small,Green
2026-04-14 10:16:22,20260414100050256,4,Small,Red
2026-04-14 10:16:22,20260414100050257,0,Small,Red+Violet
2026-04-14 10:16:22,20260414100050258,4,Small,Red
2026-04-14 10:16:22,20260414100050259,8,Big,Red
2026-04-14 10:16:22,20260414100050260,3,Small,Green
2026-04-14 10:16:22,20260414100050261,5,Big,Green+Violet
2026-04-14 10:16:22,20260414100050262,0,Small,Red+Violet
2026-04-14 10:16:20,20260414100050263,9,Big,Green
2026-04-14 10:16:20,20260414100050264,4,Small,Red
2026-04-14 10:16:20,20260414100050265,3,Small,Green
2026-04-14 10:16:20,20260414100050266,7,Big,Green
2026-04-14 10:16:20,20260414100050267,1,Small,Green
2026-04-14 10:16:20,20260414100050268,7,Big,Green
2026-04-14 10:16:20,20260414100050269,5,Big,Green+Violet
2026-04-14 10:16:20,20260414100050270,0,Small,Red+Violet
2026-04-14 10:15:17,20260414100050271,9,Big,Green
2026-04-14 10:15:17,20260414100050272,1,Small,Green
2026-04-14 10:15:17,20260414100050273,2,Small,Red
2026-04-14 10:15:17,20260414100050274,0,Small,Red+Violet
2026-04-14 10:15:17,20260414100050275,7,Big,Green
2026-04-14 10:15:17,20260414100050276,4,Small,Red
2026-04-14 10:15:17,20260414100050277,6,Big,Red
2026-04-14 10:15:17,20260414100050278,8,Big,Red
2026-04-14 10:15:17,20260414100050279,9,Big,Green
2026-04-14 10:15:17,20260414100050280,0,Small,Red+Violet
2026-04-14 10:15:15,20260414100050281,1,Small,Green
2026-04-14 10:15:15,20260414100050282,5,Big,Green+Violet
2026-04-14 10:15:15,20260414100050283,4,Small,Red
2026-04-14 10:15:15,20260414100050284,7,Big,Green
2026-04-14 10:15:15,20260414100050285,2,Small,Red
2026-04-14 10:15:15,20260414100050286,3,Small,Green
2026-04-14 10:15:15,20260414100050287,3,Small,Green
2026-04-14 10:15:15,20260414100050288,5,Big,Green+Violet
2026-04-14 10:15:15,20260414100050289,5,Big,Green+Violet
2026-04-14 10:15:15,20260414100050290,8,Big,Red
2026-04-14 10:16:17,20260414100050291,3,Small,Green
2026-04-14 10:16:17,20260414100050292,1,Small,Green
2026-04-14 10:16:15,20260414100050293,0,Small,Red+Violet
2026-04-14 10:16:15,20260414100050294,7,Big,Green
2026-04-14 10:16:15,20260414100050295,1,Small,Green
2026-04-14 10:16:15,20260414100050296,2,Small,Red
2026-04-14 10:16:15,20260414100050297,8,Big,Red
2026-04-14 10:16:15,20260414100050298,1,Small,Green
2026-04-14 10:16:15,20260414100050299,1,Small,Green
2026-04-14 10:16:15,20260414100050300,5,Big,Green+Violet
2026-04-14 10:16:15,20260414100050301,0,Small,Red+Violet
2026-04-14 10:16:15,20260414100050302,4,Small,Red
2026-04-14 10:16:14,20260414100050303,8,Big,Red
2026-04-14 10:16:14,20260414100050304,1,Small,Green
2026-04-14 10:16:14,20260414100050305,0,Small,Red+Violet
2026-04-14 10:16:14,20260414100050306,4,Small,Red
2026-04-14 10:16:14,20260414100050307,6,Big,Red
2026-04-14 10:16:14,20260414100050308,4,Small,Red
2026-04-14 10:16:14,20260414100050309,6,Big,Red
2026-04-14 10:16:14,20260414100050310,8,Big,Red
2026-04-14 10:15:11,20260414100050311,1,Small,Green
2026-04-14 10:15:11,20260414100050312,9,Big,Green
2026-04-14 10:15:11,20260414100050313,9,Big,Green
2026-04-14 10:15:11,20260414100050314,8,Big,Red
2026-04-14 10:15:11,20260414100050315,2,Small,Red
2026-04-14 10:15:11,20260414100050316,5,Big,Green+Violet
2026-04-14 10:15:11,20260414100050317,9,Big,Green
2026-04-14 10:15:11,20260414100050318,6,Big,Red
2026-04-14 10:15:11,20260414100050319,7,Big,Green
2026-04-14 10:15:11,20260414100050320,6,Big,Red
2026-04-14 10:16:12,20260414100050321,8,Big,Red
2026-04-14 10:16:12,20260414100050322,5,Big,Green+Violet
2026-04-14 10:16:11,20260414100050323,7,Big,Green
2026-04-14 10:16:11,20260414100050324,8,Big,Red
2026-04-14 10:16:11,20260414100050325,2,Small,Red
2026-04-14 10:16:11,20260414100050326,8,Big,Red
2026-04-14 10:16:11,20260414100050327,7,Big,Green
2026-04-14 10:16:11,20260414100050328,8,Big,Red
2026-04-14 10:16:11,20260414100050329,0,Small,Red+Violet
2026-04-14 10:16:11,20260414100050330,4,Small,Red
2026-04-14 10:16:11,20260414100050331,2,Small,Red
2026-04-14 10:16:11,20260414100050332,9,Big,Green
2026-04-14 10:16:09,20260414100050333,0,Small,Red+Violet
2026-04-14 10:16:09,20260414100050334,1,Small,Green
2026-04-14 10:16:09,20260414100050335,1,Small,Green
2026-04-14 10:16:09,20260414100050336,3,Small,Green
2026-04-14 10:16:09,20260414100050337,7,Big,Green
2026-04-14 10:16:09,20260414100050338,2,Small,Red
2026-04-14 10:16:09,20260414100050339,8,Big,Red
2026-04-14 10:16:09,20260414100050340,1,Small,Green
2026-04-14 10:16:09,20260414100050341,9,Big,Green
2026-04-14 10:16:09,20260414100050342,5,Big,Green+Violet
2026-04-14 10:16:08,20260414100050343,2,Small,Red
2026-04-14 10:16:08,20260414100050344,7,Big,Green
2026-04-14 10:16:08,20260414100050345,0,Small,Red+Violet
2026-04-14 10:16:08,20260414100050346,0,Small,Red+Violet
2026-04-14 10:16:08,20260414100050347,5,Big,Green+Violet
2026-04-14 10:16:08,20260414100050348,5,Big,Green+Violet
2026-04-14 10:16:08,20260414100050349,4,Small,Red
2026-04-14 10:16:08,20260414100050350,8,Big,Red
2026-04-14 10:15:04,20260414100050351,5,Big,Green+Violet
2026-04-14 10:15:04,20260414100050352,4,Small,Red
2026-04-14 10:15:04,20260414100050353,1,Small,Green
2026-04-14 10:15:04,20260414100050354,6,Big,Red
2026-04-14 10:15:04,20260414100050355,0,Small,Red+Violet
2026-04-14 10:15:04,20260414100050356,7,Big,Green
2026-04-14 10:15:04,20260414100050357,1,Small,Green
2026-04-14 10:15:04,20260414100050358,3,Small,Green
2026-04-14 10:15:04,20260414100050359,7,Big,Green
2026-04-14 10:15:04,20260414100050360,9,Big,Green
2026-04-14 10:15:03,20260414100050361,4,Small,Red
2026-04-14 10:15:03,20260414100050362,1,Small,Green
2026-04-14 10:15:03,20260414100050363,2,Small,Red
2026-04-14 10:15:03,20260414100050364,1,Small,Green
2026-04-14 10:15:03,20260414100050365,4,Small,Red
2026-04-14 10:15:03,20260414100050366,8,Big,Red
2026-04-14 10:15:03,20260414100050367,7,Big,Green
2026-04-14 10:15:03,20260414100050368,0,Small,Red+Violet
2026-04-14 10:15:03,20260414100050369,9,Big,Green
2026-04-14 10:15:03,20260414100050370,9,Big,Green
2026-04-14 10:15:01,20260414100050371,3,Small,Green
2026-04-14 10:15:01,20260414100050372,9,Big,Green
2026-04-14 10:15:01,20260414100050373,7,Big,Green
2026-04-14 10:15:01,20260414100050374,5,Big,Green+Violet
2026-04-14 10:15:01,20260414100050375,1,Small,Green
2026-04-14 10:15:01,20260414100050376,8,Big,Red
2026-04-14 10:15:01,20260414100050377,9,Big,Green
2026-04-14 10:15:01,20260414100050378,1,Small,Green
2026-04-14 10:15:01,20260414100050379,6,Big,Red
2026-04-14 10:15:01,20260414100050380,6,Big,Red
2026-04-14 10:15:00,20260414100050381,6,Big,Red
2026-04-14 10:15:00,20260414100050382,8,Big,Red
2026-04-14 10:15:00,20260414100050383,3,Small,Green
2026-04-14 10:15:00,20260414100050384,0,Small,Red+Violet
2026-04-14 10:15:00,20260414100050385,8,Big,Red
2026-04-14 10:15:00,20260414100050386,6,Big,Red
2026-04-14 10:15:00,20260414100050387,4,Small,Red
2026-04-14 10:15:00,20260414100050388,8,Big,Red
2026-04-14 10:15:00,20260414100050389,9,Big,Green
2026-04-14 10:15:00,20260414100050390,5,Big,Green+Violet
2026-04-14 10:14:58,20260414100050391,8,Big,Red
2026-04-14 10:14:58,20260414100050392,0,Small,Red+Violet
2026-04-14 10:14:58,20260414100050393,6,Big,Red
2026-04-14 10:14:58,20260414100050394,6,Big,Red
2026-04-14 10:14:58,20260414100050395,8,Big,Red
2026-04-14 10:14:58,20260414100050396,3,Small,Green
2026-04-14 10:14:58,20260414100050397,2,Small,Red
2026-04-14 10:14:58,20260414100050398,8,Big,Red
2026-04-14 10:14:58,20260414100050399,5,Big,Green+Violet
2026-04-14 10:14:58,20260414100050400,2,Small,Red
2026-04-14 10:14:57,20260414100050401,4,Small,Red
2026-04-14 10:14:57,20260414100050402,7,Big,Green
2026-04-14 10:14:57,20260414100050403,9,Big,Green
2026-04-14 10:14:57,20260414100050404,3,Small,Green
2026-04-14 10:14:57,20260414100050405,1,Small,Green
2026-04-14 10:14:57,20260414100050406,0,Small,Red+Violet
2026-04-14 10:14:57,20260414100050407,3,Small,Green
2026-04-14 10:14:57,20260414100050408,8,Big,Red
2026-04-14 10:14:57,20260414100050409,9,Big,Green
2026-04-14 10:14:55,20260414100050410,0,Small,Red+Violet
2026-04-14 10:14:55,20260414100050411,0,Small,Red+Violet
2026-04-14 10:14:55,20260414100050412,1,Small,Green
2026-04-14 10:14:55,20260414100050413,7,Big,Green
2026-04-14 10:14:55,20260414100050414,0,Small,Red+Violet
2026-04-14 10:14:55,20260414100050415,2,Small,Red
2026-04-14 10:14:55,20260414100050416,8,Big,Red
2026-04-14 10:14:55,20260414100050417,0,Small,Red+Violet
2026-04-14 10:14:55,20260414100050418,2,Small,Red
2026-04-14 10:14:55,20260414100050419,1,Small,Green
2026-04-14 10:14:54,20260414100050420,0,Small,Red+Violet
2026-04-14 10:14:54,20260414100050421,2,Small,Red
2026-04-14 10:14:54,20260414100050422,9,Big,Green
2026-04-14 10:14:54,20260414100050423,2,Small,Red
2026-04-14 10:14:54,20260414100050424,9,Big,Green
2026-04-14 10:14:54,20260414100050425,8,Big,Red
2026-04-14 10:14:54,20260414100050426,7,Big,Green
2026-04-14 10:14:54,20260414100050427,6,Big,Red
2026-04-14 10:14:54,20260414100050428,3,Small,Green
2026-04-14 10:14:54,20260414100050429,7,Big,Green
2026-04-14 10:14:52,20260414100050430,8,Big,Red
2026-04-14 10:14:52,20260414100050431,6,Big,Red
2026-04-14 10:14:52,20260414100050432,3,Small,Green
2026-04-14 10:14:52,20260414100050433,7,Big,Green
2026-04-14 10:14:52,20260414100050434,4,Small,Red
2026-04-14 10:14:52,20260414100050435,7,Big,Green
2026-04-14 10:14:52,20260414100050436,8,Big,Red
2026-04-14 10:14:52,20260414100050437,8,Big,Red
2026-04-14 10:14:52,20260414100050438,0,Small,Red+Violet
2026-04-14 10:14:52,20260414100050439,1,Small,Green
2026-04-14 10:14:51,20260414100050440,9,Big,Green
2026-04-14 10:14:51,20260414100050441,9,Big,Green
2026-04-14 10:14:51,20260414100050442,0,Small,Red+Violet
2026-04-14 10:14:51,20260414100050443,5,Big,Green+Violet
2026-04-14 10:14:51,20260414100050444,3,Small,Green
2026-04-14 10:14:51,20260414100050445,6,Big,Red
2026-04-14 10:14:51,20260414100050446,7,Big,Green
2026-04-14 10:14:51,20260414100050447,1,Small,Green
2026-04-14 10:14:51,20260414100050448,2,Small,Red
2026-04-14 10:14:51,20260414100050449,2,Small,Red
2026-04-14 10:14:49,20260414100050450,6,Big,Red
2026-04-14 10:14:49,20260414100050451,9,Big,Green
2026-04-14 10:14:49,20260414100050452,1,Small,Green
2026-04-14 10:14:49,20260414100050453,5,Big,Green+Violet
2026-04-14 10:14:49,20260414100050454,3,Small,Green
2026-04-14 10:14:49,20260414100050455,8,Big,Red
2026-04-14 10:14:49,20260414100050456,1,Small,Green
2026-04-14 10:14:49,20260414100050457,7,Big,Green
2026-04-14 10:14:49,20260414100050458,7,Big,Green
2026-04-14 10:14:49,20260414100050459,3,Small,Green
2026-04-14 10:14:47,20260414100050460,2,Small,Red
2026-04-14 10:14:47,20260414100050461,6,Big,Red
2026-04-14 10:14:47,20260414100050462,9,Big,Green
2026-04-14 10:14:47,20260414100050463,1,Small,Green
2026-04-14 10:14:47,20260414100050464,2,Small,Red
2026-04-14 10:14:47,20260414100050465,1,Small,Green
2026-04-14 10:14:47,20260414100050466,2,Small,Red
2026-04-14 10:14:47,20260414100050467,1,Small,Green
2026-04-14 10:14:47,20260414100050468,3,Small,Green
2026-04-14 10:14:47,20260414100050469,6,Big,Red
2026-04-14 10:14:46,20260414100050470,5,Big,Green+Violet
2026-04-14 10:14:46,20260414100050471,8,Big,Red
2026-04-14 10:14:46,20260414100050472,1,Small,Green
2026-04-14 10:14:46,20260414100050473,3,Small,Green
2026-04-14 10:14:46,20260414100050474,1,Small,Green
2026-04-14 10:14:46,20260414100050475,2,Small,Red
2026-04-14 10:14:46,20260414100050476,2,Small,Red
2026-04-14 10:14:46,20260414100050477,7,Big,Green
2026-04-14 10:14:46,20260414100050478,0,Small,Red+Violet
2026-04-14 10:14:46,20260414100050479,5,Big,Green+Violet
2026-04-14 10:14:44,20260414100050480,8,Big,Red
2026-04-14 10:14:44,20260414100050481,1,Small,Green
2026-04-14 10:14:44,20260414100050482,9,Big,Green
2026-04-14 10:14:44,20260414100050483,1,Small,Green
2026-04-14 10:14:44,20260414100050484,2,Small,Red
2026-04-14 10:14:44,20260414100050485,3,Small,Green
2026-04-14 10:14:44,20260414100050486,7,Big,Green
2026-04-14 10:14:44,20260414100050487,7,Big,Green
2026-04-14 10:14:44,20260414100050488,9,Big,Green
2026-04-14 10:14:44,20260414100050489,7,Big,Green
2026-04-14 10:14:43,20260414100050490,8,Big,Red
2026-04-14 10:14:43,20260414100050491,9,Big,Green
2026-04-14 10:14:43,20260414100050492,1,Small,Green
2026-04-14 10:14:43,20260414100050493,5,Big,Green+Violet
2026-04-14 10:14:43,20260414100050494,9,Big,Green
2026-04-14 10:14:43,20260414100050495,1,Small,Green
2026-04-14 10:14:43,20260414100050496,2,Small,Red
2026-04-14 10:14:43,20260414100050497,4,Small,Red
2026-04-14 10:14:43,20260414100050498,9,Big,Green
2026-04-14 10:14:43,20260414100050499,0,Small,Red+Violet
2026-04-14 10:14:41,20260414100050500,2,Small,Red
2026-04-14 10:14:41,20260414100050501,5,Big,Green+Violet
2026-04-14 10:14:41,20260414100050502,4,Small,Red
2026-04-14 10:14:41,20260414100050503,0,Small,Red+Violet
2026-04-14 10:14:41,20260414100050504,2,Small,Red
2026-04-14 10:14:41,20260414100050505,1,Small,Green
2026-04-14 10:14:41,20260414100050506,9,Big,Green
2026-04-14 10:14:41,20260414100050507,0,Small,Red+Violet
2026-04-14 10:14:41,20260414100050508,6,Big,Red
2026-04-14 10:14:41,20260414100050509,9,Big,Green
2026-04-14 10:14:40,20260414100050510,2,Small,Red
2026-04-14 10:14:40,20260414100050511,6,Big,Red
2026-04-14 10:14:40,20260414100050512,5,Big,Green+Violet
2026-04-14 10:14:40,20260414100050513,9,Big,Green
2026-04-14 10:14:40,20260414100050514,4,Small,Red
2026-04-14 10:14:40,20260414100050515,1,Small,Green
2026-04-14 10:14:40,20260414100050516,5,Big,Green+Violet
2026-04-14 10:14:40,20260414100050517,4,Small,Red
2026-04-14 10:14:40,20260414100050518,3,Small,Green
2026-04-14 10:14:40,20260414100050519,7,Big,Green
2026-04-14 10:14:38,20260414100050520,3,Small,Green
2026-04-14 10:14:38,20260414100050521,5,Big,Green+Violet
2026-04-14 10:14:38,20260414100050522,1,Small,Green
2026-04-14 10:14:38,20260414100050523,4,Small,Red
2026-04-14 10:14:38,20260414100050524,3,Small,Green
2026-04-14 10:14:38,20260414100050525,8,Big,Red
2026-04-14 10:14:38,20260414100050526,1,Small,Green
2026-04-14 10:14:38,20260414100050527,6,Big,Red
2026-04-14 10:14:38,20260414100050528,6,Big,Red
2026-04-14 10:14:38,20260414100050529,0,Small,Red+Violet
2026-04-14 10:14:37,20260414100050530,8,Big,Red
2026-04-14 10:14:37,20260414100050531,1,Small,Green
2026-04-14 10:14:37,20260414100050532,5,Big,Green+Violet
2026-04-14 10:14:37,20260414100050533,7,Big,Green
2026-04-14 10:14:37,20260414100050534,5,Big,Green+Violet
2026-04-14 10:14:37,20260414100050535,9,Big,Green
2026-04-14 10:14:37,20260414100050536,3,Small,Green
2026-04-14 10:14:37,20260414100050537,2,Small,Red
2026-04-14 10:14:37,20260414100050538,7,Big,Green
2026-04-14 10:14:37,20260414100050539,3,Small,Green
2026-04-14 10:14:35,20260414100050540,3,Small,Green
2026-04-14 10:14:35,20260414100050541,9,Big,Green
2026-04-14 10:14:35,20260414100050542,5,Big,Green+Violet
2026-04-14 10:14:35,20260414100050543,7,Big,Green
2026-04-14 10:14:35,20260414100050544,4,Small,Red
2026-04-14 10:14:35,20260414100050545,5,Big,Green+Violet
2026-04-14 10:14:35,20260414100050546,8,Big,Red
2026-04-14 10:14:35,20260414100050547,7,Big,Green
2026-04-14 10:14:35,20260414100050548,8,Big,Red
2026-04-14 10:14:35,20260414100050549,4,Small,Red
2026-04-14 10:14:34,20260414100050550,3,Small,Green
2026-04-14 10:14:34,20260414100050551,1,Small,Green
2026-04-14 10:14:34,20260414100050552,5,Big,Green+Violet
2026-04-14 10:14:34,20260414100050553,6,Big,Red
2026-04-14 10:14:34,20260414100050554,1,Small,Green
2026-04-14 10:14:34,20260414100050555,6,Big,Red
2026-04-14 10:14:34,20260414100050556,0,Small,Red+Violet
2026-04-14 10:14:34,20260414100050557,4,Small,Red
2026-04-14 10:14:34,20260414100050558,5,Big,Green+Violet
2026-04-14 10:14:34,20260414100050559,0,Small,Red+Violet
2026-04-14 10:14:32,20260414100050560,8,Big,Red
2026-04-14 10:14:32,20260414100050561,0,Small,Red+Violet
2026-04-14 10:14:32,20260414100050562,2,Small,Red
2026-04-14 10:14:32,20260414100050563,0,Small,Red+Violet
2026-04-14 10:14:32,20260414100050564,5,Big,Green+Violet
2026-04-14 10:14:32,20260414100050565,2,Small,Red
2026-04-14 10:14:32,20260414100050566,9,Big,Green
2026-04-14 10:14:32,20260414100050567,0,Small,Red+Violet
2026-04-14 10:14:32,20260414100050568,5,Big,Green+Violet
2026-04-14 10:14:32,20260414100050569,6,Big,Red
2026-04-14 10:15:28,20260414100050570,4,Small,Red
2026-04-14 10:15:28,20260414100050571,4,Small,Red
2026-04-14 10:16:28,20260414100050572,4,Small,Red
2026-04-14 10:16:28,20260414100050573,5,Big,Green+Violet
2026-04-14 10:16:57,20260414100050574,6,Big,Red
2026-04-14 10:17:57,20260414100050575,0,Small,Red+Violet
2026-04-14 10:17:57,20260414100050576,0,Small,Red+Violet
2026-04-14 10:19:28,20260414100050577,1,Small,Green
2026-04-14 10:19:28,20260414100050578,6,Big,Red
2026-04-14 10:19:28,20260414100050579,3,Small,Green
2026-04-14 10:20:28,20260414100050580,0,Small,Red+Violet
2026-04-14 10:20:28,20260414100050581,3,Small,Green
2026-04-14 10:20:57,20260414100050582,8,Big,Red
2026-04-14 10:21:28,20260414100050583,4,Small,Red
2026-04-14 10:21:58,20260414100050584,7,Big,Green
2026-04-14 10:22:28,20260414100050585,9,Big,Green
2026-04-14 10:23:29,20260414100050586,2,Small,Red
2026-04-14 10:23:29,20260414100050587,3,Small,Green
2026-04-14 10:24:27,20260414100050588,0,Small,Red+Violet
2026-04-14 10:24:27,20260414100050589,6,Big,Red
2026-04-14 10:24:58,20260414100050590,4,Small,Red
2026-04-14 10:25:28,20260414100050591,0,Small,Red+Violet
2026-04-14 10:26:28,20260414100050592,7,Big,Green
2026-04-14 10:26:28,20260414100050593,4,Small,Red
2026-04-14 10:26:59,20260414100050594,7,Big,Green
2026-04-14 10:27:28,20260414100050595,1,Small,Green
2026-04-14 10:27:58,20260414100050596,1,Small,Green
2026-04-14 10:28:27,20260414100050597,0,Small,Red+Violet
2026-04-14 10:28:58,20260414100050598,4,Small,Red
2026-04-14 10:29:28,20260414100050599,8,Big,Red
2026-04-14 10:29:57,20260414100050600,5,Big,Green+Violet
2026-04-14 10:30:28,20260414100050601,8,Big,Red
2026-04-14 10:30:57,20260414100050602,7,Big,Green
2026-04-14 10:31:28,20260414100050603,4,Small,Red
2026-04-14 10:32:28,20260414100050604,6,Big,Red
2026-04-14 10:32:28,20260414100050605,3,Small,Green
2026-04-14 10:34:02,20260414100050606,4,Small,Red
2026-04-14 10:34:02,20260414100050607,2,Small,Red
2026-04-14 10:34:02,20260414100050608,7,Big,Green
2026-04-14 10:34:27,20260414100050609,2,Small,Red
2026-04-14 10:35:29,20260414100050610,6,Big,Red
2026-04-14 10:35:29,20260414100050611,7,Big,Green
2026-04-14 10:35:58,20260414100050612,9,Big,Green
2026-04-14 10:36:58,20260414100050613,0,Small,Red+Violet
2026-04-14 10:36:58,20260414100050614,1,Small,Green
2026-04-14 10:38:32,20260414100050615,5,Big,Green+Violet
2026-04-14 10:38:32,20260414100050616,3,Small,Green
2026-04-14 10:38:32,20260414100050617,1,Small,Green
2026-04-14 10:39:28,20260414100050618,0,Small,Red+Violet
2026-04-14 10:39:28,20260414100050619,2,Small,Red
2026-04-14 10:39:59,20260414100050620,2,Small,Red
2026-04-14 10:40:57,20260414100050621,6,Big,Red
2026-04-14 10:40:57,20260414100050622,1,Small,Green
2026-04-14 10:41:28,20260414100050623,7,Big,Green
2026-04-14 11:17:09,20260414100050624,6,Big,Red
2026-04-14 11:17:07,20260414100050625,8,Big,Red
2026-04-14 11:17:07,20260414100050626,7,Big,Green
2026-04-14 11:17:07,20260414100050627,2,Small,Red
2026-04-14 11:17:07,20260414100050628,0,Small,Red+Violet
2026-04-14 11:17:07,20260414100050629,0,Small,Red+Violet
2026-04-14 11:17:07,20260414100050630,9,Big,Green
2026-04-14 11:17:07,20260414100050631,7,Big,Green
2026-04-14 11:17:07,20260414100050632,9,Big,Green
2026-04-14 11:16:23,20260414100050633,3,Small,Green
2026-04-14 11:16:23,20260414100050634,6,Big,Red
2026-04-14 11:16:23,20260414100050635,9,Big,Green
2026-04-14 11:16:23,20260414100050636,8,Big,Red
2026-04-14 11:16:23,20260414100050637,7,Big,Green
2026-04-14 11:16:23,20260414100050638,6,Big,Red
2026-04-14 11:16:23,20260414100050639,9,Big,Green
2026-04-14 11:16:23,20260414100050640,5,Big,Green+Violet
2026-04-14 11:16:23,20260414100050641,7,Big,Green
2026-04-14 11:16:23,20260414100050642,6,Big,Red
2026-04-14 11:16:21,20260414100050643,2,Small,Red
2026-04-14 11:16:21,20260414100050644,9,Big,Green
2026-04-14 11:16:21,20260414100050645,6,Big,Red
2026-04-14 11:16:21,20260414100050646,9,Big,Green
2026-04-14 11:16:21,20260414100050647,6,Big,Red
2026-04-14 11:16:21,20260414100050648,2,Small,Red
2026-04-14 11:16:21,20260414100050649,7,Big,Green
2026-04-14 11:16:21,20260414100050650,9,Big,Green
2026-04-14 11:16:21,20260414100050651,7,Big,Green
2026-04-14 11:16:21,20260414100050652,0,Small,Red+Violet
2026-04-14 11:16:19,20260414100050653,8,Big,Red
2026-04-14 11:16:19,20260414100050654,2,Small,Red
2026-04-14 11:16:19,20260414100050655,0,Small,Red+Violet
2026-04-14 11:16:19,20260414100050656,1,Small,Green
2026-04-14 11:16:19,20260414100050657,1,Small,Green
2026-04-14 11:16:19,20260414100050658,2,Small,Red
2026-04-14 11:16:19,20260414100050659,8,Big,Red
2026-04-14 11:16:19,20260414100050660,8,Big,Red
2026-04-14 11:16:19,20260414100050661,1,Small,Green
2026-04-14 11:16:19,20260414100050662,6,Big,Red
2026-04-14 11:16:18,20260414100050663,2,Small,Red
2026-04-14 11:16:18,20260414100050664,5,Big,Green+Violet
2026-04-14 11:16:18,20260414100050665,8,Big,Red
2026-04-14 11:16:18,20260414100050666,6,Big,Red
2026-04-14 11:16:18,20260414100050667,6,Big,Red
2026-04-14 11:16:18,20260414100050668,6,Big,Red
2026-04-14 11:16:18,20260414100050669,8,Big,Red
2026-04-14 11:16:18,20260414100050670,1,Small,Green
2026-04-14 11:16:18,20260414100050671,1,Small,Green
2026-04-14 11:16:18,20260414100050672,5,Big,Green+Violet
2026-04-14 11:16:16,20260414100050673,5,Big,Green+Violet
2026-04-14 11:16:16,20260414100050674,2,Small,Red
2026-04-14 11:16:16,20260414100050675,2,Small,Red
2026-04-14 11:16:16,20260414100050676,8,Big,Red
2026-04-14 11:16:16,20260414100050677,3,Small,Green
2026-04-14 11:16:16,20260414100050678,4,Small,Red
2026-04-14 11:16:16,20260414100050679,7,Big,Green
2026-04-14 11:16:16,20260414100050680,8,Big,Red
2026-04-14 11:16:16,20260414100050681,9,Big,Green
2026-04-14 11:16:16,20260414100050682,4,Small,Red
2026-04-14 11:16:15,20260414100050683,0,Small,Red+Violet
2026-04-14 11:16:15,20260414100050684,0,Small,Red+Violet
2026-04-14 11:16:15,20260414100050685,0,Small,Red+Violet
2026-04-14 11:16:15,20260414100050686,0,Small,Red+Violet
2026-04-14 11:16:15,20260414100050687,1,Small,Green
2026-04-14 11:16:15,20260414100050688,6,Big,Red
2026-04-14 11:16:15,20260414100050689,7,Big,Green
2026-04-14 11:16:15,20260414100050690,7,Big,Green
2026-04-14 11:16:15,20260414100050691,4,Small,Red
2026-04-14 11:16:15,20260414100050692,8,Big,Red
2026-04-14 11:16:58,20260414100050693,1,Small,Green
2026-04-14 11:16:58,20260414100050694,0,Small,Red+Violet
2026-04-14 11:17:58,20260414100050695,1,Small,Green
2026-04-14 11:17:58,20260414100050696,6,Big,Red
2026-04-14 11:18:58,20260414100050697,6,Big,Red
2026-04-14 11:18:58,20260414100050698,1,Small,Green
2026-04-14 11:19:58,20260414100050699,0,Small,Red+Violet
2026-04-14 11:19:58,20260414100050700,7,Big,Green
2026-04-14 11:20:58,20260414100050701,1,Small,Green
2026-04-14 11:20:58,20260414100050702,0,Small,Red+Violet
2026-04-14 11:21:28,20260414100050703,2,Small,Red
2026-04-14 11:21:57,20260414100050704,3,Small,Green
2026-04-14 11:22:27,20260414100050705,3,Small,Green
2026-04-14 11:23:28,20260414100050706,8,Big,Red
2026-04-14 11:23:28,20260414100050707,3,Small,Green
2026-04-14 11:23:59,20260414100050708,3,Small,Green
2026-04-14 11:24:28,20260414100050709,4,Small,Red
2026-04-14 11:24:59,20260414100050710,3,Small,Green
2026-04-14 11:29:08,20260414100050711,5,Big,Green+Violet
2026-04-14 11:29:08,20260414100050712,9,Big,Green
2026-04-14 11:29:08,20260414100050713,5,Big,Green+Violet
2026-04-14 11:29:08,20260414100050714,2,Small,Red
2026-04-14 11:29:08,20260414100050715,1,Small,Green
2026-04-14 11:29:08,20260414100050716,9,Big,Green
2026-04-14 11:29:08,20260414100050717,8,Big,Red
2026-04-14 11:29:08,20260414100050718,4,Small,Red
2026-04-14 11:29:58,20260414100050719,2,Small,Red
2026-04-14 11:29:58,20260414100050720,4,Small,Red
2026-04-14 11:30:29,20260414100050721,9,Big,Green
2026-04-14 11:30:58,20260414100050722,9,Big,Green
2026-04-14 11:31:29,20260414100050723,4,Small,Red
2026-04-14 11:32:28,20260414100050724,9,Big,Green
2026-04-14 11:32:28,20260414100050725,4,Small,Red
2026-04-14 11:32:57,20260414100050726,6,Big,Red
2026-04-14 11:33:28,20260414100050727,4,Small,Red
2026-04-14 11:33:58,20260414100050728,2,Small,Red
2026-04-14 11:34:28,20260414100050729,1,Small,Green
2026-04-14 11:34:57,20260414100050730,3,Small,Green
2026-04-14 11:35:28,20260414100050731,4,Small,Red
2026-04-14 11:36:28,20260414100050732,3,Small,Green
2026-04-14 11:36:28,20260414100050733,5,Big,Green+Violet
2026-04-14 11:36:58,20260414100050734,8,Big,Red
2026-04-14 11:37:29,20260414100050735,2,Small,Red
2026-04-14 11:37:58,20260414100050736,4,Small,Red
2026-04-14 11:38:58,20260414100050737,6,Big,Red
2026-04-14 11:38:58,20260414100050738,5,Big,Green+Violet
2026-04-14 11:40:02,20260414100050739,7,Big,Green
2026-04-14 11:40:02,20260414100050740,6,Big,Red
2026-04-14 11:40:28,20260414100050741,8,Big,Red
2026-04-14 11:41:28,20260414100050742,4,Small,Red
2026-04-14 11:41:28,20260414100050743,0,Small,Red+Violet
2026-04-14 11:41:59,20260414100050744,8,Big,Red
2026-04-14 11:42:28,20260414100050745,2,Small,Red
2026-04-14 11:42:58,20260414100050746,5,Big,Green+Violet
2026-04-14 11:45:16,20260414100050747,4,Small,Red
2026-04-14 11:45:16,20260414100050748,3,Small,Green
2026-04-14 11:45:16,20260414100050749,9,Big,Green
2026-04-14 11:45:16,20260414100050750,2,Small,Red
2026-04-14 11:45:30,20260414100050751,2,Small,Red
2026-04-14 11:45:58,20260414100050752,6,Big,Red
2026-04-14 11:46:28,20260414100050753,0,Small,Red+Violet
2026-04-14 11:46:59,20260414100050754,9,Big,Green
2026-04-14 11:47:59,20260414100050755,4,Small,Red
2026-04-14 11:47:59,20260414100050756,3,Small,Green
2026-04-14 11:48:28,20260414100050757,3,Small,Green
2026-04-14 11:48:58,20260414100050758,1,Small,Green
2026-04-14 11:49:28,20260414100050759,6,Big,Red
2026-04-14 11:50:59,20260414100050760,4,Small,Red
2026-04-14 11:50:59,20260414100050761,6,Big,Red
2026-04-14 11:50:59,20260414100050762,9,Big,Green
2026-04-14 11:51:28,20260414100050763,3,Small,Green
2026-04-14 11:51:59,20260414100050764,5,Big,Green+Violet
2026-04-14 11:52:28,20260414100050765,0,Small,Red+Violet
2026-04-14 11:56:21,20260414100050766,0,Small,Red+Violet
2026-04-14 11:56:21,20260414100050767,9,Big,Green
2026-04-14 11:56:21,20260414100050768,6,Big,Red
2026-04-14 11:56:21,20260414100050769,3,Small,Green
2026-04-14 11:56:21,20260414100050770,7,Big,Green
2026-04-14 11:56:21,20260414100050771,5,Big,Green+Violet
2026-04-14 11:56:21,20260414100050772,6,Big,Red
2026-04-14 11:56:27,20260414100050773,7,Big,Green
2026-04-14 11:57:27,20260414100050774,5,Big,Green+Violet
2026-04-14 11:57:27,20260414100050775,4,Small,Red
2026-04-14 11:57:58,20260414100050776,2,Small,Red
2026-04-14 11:58:58,20260414100050777,3,Small,Green
2026-04-14 11:58:58,20260414100050778,3,Small,Green
2026-04-14 11:59:28,20260414100050779,5,Big,Green+Violet
2026-04-14 11:59:59,20260414100050780,0,Small,Red+Violet
2026-04-14 12:00:28,20260414100050781,9,Big,Green
2026-04-14 12:00:59,20260414100050782,0,Small,Red+Violet
2026-04-14 12:01:58,20260414100050783,2,Small,Red
2026-04-14 12:01:58,20260414100050784,6,Big,Red
2026-04-14 12:02:28,20260414100050785,3,Small,Green
2026-04-14 12:03:28,20260414100050786,6,Big,Red
2026-04-14 12:03:28,20260414100050787,3,Small,Green
2026-04-14 12:04:31,20260414100050788,4,Small,Red
2026-04-14 12:04:31,20260414100050789,4,Small,Red
2026-04-14 12:04:58,20260414100050790,5,Big,Green+Violet
2026-04-14 12:05:28,20260414100050791,7,Big,Green
2026-04-14 12:05:58,20260414100050792,4,Small,Red
2026-04-14 12:06:58,20260414100050793,6,Big,Red
2026-04-14 12:06:58,20260414100050794,0,Small,Red+Violet
2026-04-14 12:07:29,20260414100050795,0,Small,Red+Violet
2026-04-14 12:07:58,20260414100050796,9,Big,Green
2026-04-14 12:08:27,20260414100050797,5,Big,Green+Violet
2026-04-14 12:08:58,20260414100050798,9,Big,Green
2026-04-14 12:09:58,20260414100050799,4,Small,Red
2026-04-14 12:09:58,20260414100050800,6,Big,Red
2026-04-14 12:10:28,20260414100050801,1,Small,Green
2026-04-14 12:10:57,20260414100050802,8,Big,Red
2026-04-14 12:11:28,20260414100050803,6,Big,Red
2026-04-14 12:12:28,20260414100050804,5,Big,Green+Violet
2026-04-14 12:12:28,20260414100050805,9,Big,Green
2026-04-14 12:12:59,20260414100050806,8,Big,Red
2026-04-14 12:13:28,20260414100050807,8,Big,Red
2026-04-14 12:14:00,20260414100050808,8,Big,Red
2026-04-14 12:14:28,20260414100050809,6,Big,Red
2026-04-14 12:14:58,20260414100050810,4,Small,Red
2026-04-14 12:15:28,20260414100050811,4,Small,Red
2026-04-14 12:16:28,20260414100050812,1,Small,Green
2026-04-14 12:16:28,20260414100050813,2,Small,Red
2026-04-14 12:17:28,20260414100050814,8,Big,Red
2026-04-14 12:17:28,20260414100050815,1,Small,Green
2026-04-14 12:17:59,20260414100050816,0,Small,Red+Violet
2026-04-14 12:18:28,20260414100050817,5,Big,Green+Violet
2026-04-14 12:18:58,20260414100050818,1,Small,Green
2026-04-14 12:19:29,20260414100050819,9,Big,Green
2026-04-14 12:19:58,20260414100050820,2,Small,Red
2026-04-14 12:20:27,20260414100050821,4,Small,Red
2026-04-14 12:20:58,20260414100050822,2,Small,Red
2026-04-14 12:21:27,20260414100050823,6,Big,Red
2026-04-14 12:21:58,20260414100050824,9,Big,Green
2026-04-14 12:22:58,20260414100050825,4,Small,Red
2026-04-14 12:22:58,20260414100050826,9,Big,Green
2026-04-14 12:23:30,20260414100050827,3,Small,Green
2026-04-14 12:23:58,20260414100050828,5,Big,Green+Violet
2026-04-14 12:24:29,20260414100050829,2,Small,Red
2026-04-14 12:24:58,20260414100050830,5,Big,Green+Violet
2026-04-14 12:25:28,20260414100050831,4,Small,Red
2026-04-14 12:25:59,20260414100050832,0,Small,Red+Violet
2026-04-14 12:26:57,20260414100050833,8,Big,Red
2026-04-14 12:26:57,20260414100050834,6,Big,Red
2026-04-14 12:27:28,20260414100050835,0,Small,Red+Violet
2026-04-14 12:27:57,20260414100050836,4,Small,Red
2026-04-14 12:28:28,20260414100050837,3,Small,Green
2026-04-14 12:29:28,20260414100050838,0,Small,Red+Violet
2026-04-14 12:29:28,20260414100050839,7,Big,Green
2026-04-14 12:29:59,20260414100050840,8,Big,Red
2026-04-14 12:30:28,20260414100050841,5,Big,Green+Violet
2026-04-14 12:31:28,20260414100050842,0,Small,Red+Violet
2026-04-14 12:31:28,20260414100050843,9,Big,Green
2026-04-14 12:32:28,20260414100050844,8,Big,Red
2026-04-14 12:32:28,20260414100050845,5,Big,Green+Violet
2026-04-14 12:33:00,20260414100050846,8,Big,Red
2026-04-14 12:33:28,20260414100050847,2,Small,Red
2026-04-14 12:33:59,20260414100050848,1,Small,Green
2026-04-14 12:34:28,20260414100050849,6,Big,Red
2026-04-14 12:34:59,20260414100050850,2,Small,Red
2026-04-14 12:35:28,20260414100050851,5,Big,Green+Violet
2026-04-14 12:36:28,20260414100050852,8,Big,Red
2026-04-14 12:36:28,20260414100050853,4,Small,Red
2026-04-14 12:37:28,20260414100050854,9,Big,Green
2026-04-14 12:37:28,20260414100050855,4,Small,Red
2026-04-14 12:37:59,20260414100050856,1,Small,Green
2026-04-14 12:38:28,20260414100050857,9,Big,Green
2026-04-14 12:38:57,20260414100050858,1,Small,Green
2026-04-14 12:39:28,20260414100050859,0,Small,Red+Violet
2026-04-14 12:40:28,20260414100050860,4,Small,Red
2026-04-14 12:40:28,20260414100050861,8,Big,Red
2026-04-14 12:40:58,20260414100050862,3,Small,Green
2026-04-14 12:41:27,20260414100050863,2,Small,Red
2026-04-14 12:41:58,20260414100050864,1,Small,Green
2026-04-14 12:42:30,20260414100050865,1,Small,Green
2026-04-14 12:42:58,20260414100050866,2,Small,Red
2026-04-14 12:43:58,20260414100050867,9,Big,Green
2026-04-14 12:43:58,20260414100050868,9,Big,Green
2026-04-14 12:44:28,20260414100050869,0,Small,Red+Violet
2026-04-14 12:44:57,20260414100050870,7,Big,Green
2026-04-14 12:45:28,20260414100050871,7,Big,Green
2026-04-14 12:45:57,20260414100050872,2,Small,Red
2026-04-14 12:46:28,20260414100050873,8,Big,Red
2026-04-14 12:47:28,20260414100050874,6,Big,Red
2026-04-14 12:47:28,20260414100050875,0,Small,Red+Violet
2026-04-14 12:47:59,20260414100050876,1,Small,Green
2026-04-14 12:48:57,20260414100050877,5,Big,Green+Violet
2026-04-14 12:48:57,20260414100050878,6,Big,Red
2026-04-14 12:49:28,20260414100050879,9,Big,Green
2026-04-14 12:49:58,20260414100050880,4,Small,Red
2026-04-14 12:50:28,20260414100050881,4,Small,Red
2026-04-14 12:50:58,20260414100050882,5,Big,Green+Violet
2026-04-14 12:51:58,20260414100050883,6,Big,Red
2026-04-14 12:51:58,20260414100050884,1,Small,Green
2026-04-14 12:52:27,20260414100050885,8,Big,Red
2026-04-14 12:53:01,20260414100050886,4,Small,Red
2026-04-14 12:53:27,20260414100050887,6,Big,Red
2026-04-14 12:54:27,20260414100050888,4,Small,Red
2026-04-14 12:54:27,20260414100050889,7,Big,Green
2026-04-14 12:54:58,20260414100050890,0,Small,Red+Violet
2026-04-14 12:55:58,20260414100050891,7,Big,Green
2026-04-14 12:55:58,20260414100050892,7,Big,Green
2026-04-14 12:56:58,20260414100050893,5,Big,Green+Violet
2026-04-14 12:56:58,20260414100050894,0,Small,Red+Violet
2026-04-14 12:57:29,20260414100050895,6,Big,Red
2026-04-14 12:57:58,20260414100050896,4,Small,Red
2026-04-14 12:58:27,20260414100050897,9,Big,Green
2026-04-14 12:59:28,20260414100050898,4,Small,Red
2026-04-14 12:59:28,20260414100050899,1,Small,Green
2026-04-14 13:00:28,20260414100050900,4,Small,Red
2026-04-14 13:00:28,20260414100050901,3,Small,Green
2026-04-14 13:00:57,20260414100050902,8,Big,Red
2026-04-14 13:01:28,20260414100050903,3,Small,Green
2026-04-14 13:01:58,20260414100050904,8,Big,Red
2026-04-14 13:02:33,20260414100050905,7,Big,Green
2026-04-14 13:02:58,20260414100050906,7,Big,Green
2026-04-14 13:03:29,20260414100050907,3,Small,Green
2026-04-14 13:03:58,20260414100050908,8,Big,Red
2026-04-14 13:04:27,20260414100050909,4,Small,Red
2026-04-14 13:05:28,20260414100050910,0,Small,Red+Violet
2026-04-14 13:05:28,20260414100050911,8,Big,Red
2026-04-14 13:06:28,20260414100050912,2,Small,Red
2026-04-14 13:06:28,20260414100050913,8,Big,Red
2026-04-14 13:07:28,20260414100050914,4,Small,Red
2026-04-14 13:07:28,20260414100050915,9,Big,Green
2026-04-14 13:08:01,20260414100050916,5,Big,Green+Violet
2026-04-14 13:08:28,20260414100050917,7,Big,Green
2026-04-14 13:08:58,20260414100050918,4,Small,Red
2026-04-14 13:09:27,20260414100050919,6,Big,Red
2026-04-14 13:09:58,20260414100050920,7,Big,Green
2026-04-14 13:10:27,20260414100050921,9,Big,Green
2026-04-14 13:10:58,20260414100050922,9,Big,Green
2026-04-14 13:11:28,20260414100050923,5,Big,Green+Violet
2026-04-14 13:11:58,20260414100050924,1,Small,Green
2026-04-14 13:12:28,20260414100050925,1,Small,Green
2026-04-14 13:12:59,20260414100050926,3,Small,Green
2026-04-14 13:13:28,20260414100050927,3,Small,Green
2026-04-14 13:13:59,20260414100050928,2,Small,Red
2026-04-14 13:14:28,20260414100050929,2,Small,Red
2026-04-14 13:16:03,20260414100050930,2,Small,Red
2026-04-14 13:16:03,20260414100050931,4,Small,Red
2026-04-14 13:16:03,20260414100050932,9,Big,Green
2026-04-14 13:16:27,20260414100050933,1,Small,Green
2026-04-14 13:16:58,20260414100050934,5,Big,Green+Violet
2026-04-14 13:17:28,20260414100050935,9,Big,Green
2026-04-14 13:18:28,20260414100050936,3,Small,Green
2026-04-14 13:18:28,20260414100050937,7,Big,Green
2026-04-14 13:18:58,20260414100050938,8,Big,Red
2026-04-14 13:19:29,20260414100050939,7,Big,Green
2026-04-14 13:19:58,20260414100050940,4,Small,Red
2026-04-14 13:20:29,20260414100050941,7,Big,Green
2026-04-14 13:20:58,20260414100050942,9,Big,Green
2026-04-14 13:21:31,20260414100050943,7,Big,Green
2026-04-14 13:21:57,20260414100050944,2,Small,Red
2026-04-14 13:22:28,20260414100050945,2,Small,Red
2026-04-14 13:22:58,20260414100050946,2,Small,Red
2026-04-14 13:23:29,20260414100050947,4,Small,Red
2026-04-14 13:23:58,20260414100050948,3,Small,Green
2026-04-14 13:24:27,20260414100050949,4,Small,Red
2026-04-14 13:24:58,20260414100050950,7,Big,Green
2026-04-14 13:25:28,20260414100050951,0,Small,Red+Violet
2026-04-14 13:25:59,20260414100050952,3,Small,Green
2026-04-14 13:26:28,20260414100050953,8,Big,Red
2026-04-14 13:26:59,20260414100050954,9,Big,Green
2026-04-14 13:27:58,20260414100050955,0,Small,Red+Violet
2026-04-14 13:27:58,20260414100050956,5,Big,Green+Violet
2026-04-14 13:28:27,20260414100050957,1,Small,Green
2026-04-14 13:28:58,20260414100050958,8,Big,Red
2026-04-14 13:29:28,20260414100050959,3,Small,Green
2026-04-14 13:30:28,20260414100050960,1,Small,Green
2026-04-14 13:30:28,20260414100050961,7,Big,Green
2026-04-14 13:31:28,20260414100050962,7,Big,Green
2026-04-14 13:31:28,20260414100050963,8,Big,Red
2026-04-14 13:52:15,20260414100050964,5,Big,Green+Violet
2026-04-14 13:52:14,20260414100050965,8,Big,Red
2026-04-14 13:52:14,20260414100050966,3,Small,Green
2026-04-14 13:52:14,20260414100050967,4,Small,Red
2026-04-14 13:52:14,20260414100050968,7,Big,Green
2026-04-14 13:52:14,20260414100050969,6,Big,Red
2026-04-14 13:52:14,20260414100050970,1,Small,Green
2026-04-14 13:52:14,20260414100050971,1,Small,Green
2026-04-14 13:52:14,20260414100050972,7,Big,Green
2026-04-14 13:52:14,20260414100050973,8,Big,Red
2026-04-14 13:52:14,20260414100050974,1,Small,Green
2026-04-14 13:52:12,20260414100050975,5,Big,Green+Violet
2026-04-14 13:52:12,20260414100050976,9,Big,Green
2026-04-14 13:52:12,20260414100050977,2,Small,Red
2026-04-14 13:52:12,20260414100050978,8,Big,Red
2026-04-14 13:52:12,20260414100050979,4,Small,Red
2026-04-14 13:52:12,20260414100050980,8,Big,Red
2026-04-14 13:52:12,20260414100050981,7,Big,Green
2026-04-14 13:52:12,20260414100050982,4,Small,Red
2026-04-14 13:52:12,20260414100050983,9,Big,Green
2026-04-14 13:52:12,20260414100050984,8,Big,Red
2026-04-14 13:52:11,20260414100050985,7,Big,Green
2026-04-14 13:52:11,20260414100050986,8,Big,Red
2026-04-14 13:52:11,20260414100050987,4,Small,Red
2026-04-14 13:52:11,20260414100050988,9,Big,Green
2026-04-14 13:52:11,20260414100050989,1,Small,Green
2026-04-14 13:52:11,20260414100050990,2,Small,Red
2026-04-14 13:52:11,20260414100050991,2,Small,Red
2026-04-14 13:52:11,20260414100050992,0,Small,Red+Violet
2026-04-14 13:52:11,20260414100050993,5,Big,Green+Violet
2026-04-14 13:52:11,20260414100050994,2,Small,Red
2026-04-14 13:52:09,20260414100050995,0,Small,Red+Violet
2026-04-14 13:52:09,20260414100050996,8,Big,Red
2026-04-14 13:52:09,20260414100050997,5,Big,Green+Violet
2026-04-14 13:52:09,20260414100050998,2,Small,Red
2026-04-14 13:52:09,20260414100050999,9,Big,Green
2026-04-14 13:52:09,20260414100051000,9,Big,Green
2026-04-14 13:52:09,20260414100051001,0,Small,Red+Violet
2026-04-14 13:52:09,20260414100051002,5,Big,Green+Violet
2026-04-14 13:52:09,20260414100051003,8,Big,Red
2026-04-14 13:52:09,20260414100051004,8,Big,Red
2026-04-14 13:52:28,20260414100051005,9,Big,Green
2026-04-14 13:52:58,20260414100051006,5,Big,Green+Violet
2026-04-14 13:53:32,20260414100051007,0,Small,Red+Violet
2026-04-14 13:53:57,20260414100051008,2,Small,Red
2026-04-14 13:54:28,20260414100051009,8,Big,Red
2026-04-14 13:54:59,20260414100051010,9,Big,Green
2026-04-14 13:55:30,20260414100051011,3,Small,Green
2026-04-14 13:55:58,20260414100051012,4,Small,Red
2026-04-14 13:57:27,20260414100051013,3,Small,Green
2026-04-14 13:57:27,20260414100051014,9,Big,Green
2026-04-14 13:57:27,20260414100051015,0,Small,Red+Violet
2026-04-14 13:57:58,20260414100051016,0,Small,Red+Violet
2026-04-14 13:58:28,20260414100051017,9,Big,Green
2026-04-14 13:58:57,20260414100051018,2,Small,Red
2026-04-14 13:59:58,20260414100051019,9,Big,Green
2026-04-14 13:59:58,20260414100051020,0,Small,Red+Violet
2026-04-14 14:00:28,20260414100051021,7,Big,Green
2026-04-14 14:01:29,20260414100051022,2,Small,Red
2026-04-14 14:01:29,20260414100051023,3,Small,Green
2026-04-14 14:02:29,20260414100051024,6,Big,Red
2026-04-14 14:02:29,20260414100051025,6,Big,Red
2026-04-14 14:02:57,20260414100051026,3,Small,Green
2026-04-14 14:03:58,20260414100051027,8,Big,Red
2026-04-14 14:03:58,20260414100051028,6,Big,Red
2026-04-14 14:04:59,20260414100051029,5,Big,Green+Violet
2026-04-14 14:04:59,20260414100051030,4,Small,Red
2026-04-14 14:06:00,20260414100051031,6,Big,Red
2026-04-14 14:06:00,20260414100051032,0,Small,Red+Violet
2026-04-14 14:06:28,20260414100051033,2,Small,Red
2026-04-14 14:07:27,20260414100051034,9,Big,Green
2026-04-14 14:07:27,20260414100051035,7,Big,Green
2026-04-14 14:08:59,20260414100051036,6,Big,Red
2026-04-14 14:08:59,20260414100051037,2,Small,Red
2026-04-14 14:08:59,20260414100051038,8,Big,Red
2026-04-14 14:09:59,20260414100051039,8,Big,Red
2026-04-14 14:09:59,20260414100051040,8,Big,Red
2026-04-14 14:10:28,20260414100051041,6,Big,Red
2026-04-14 14:12:04,20260414100051042,0,Small,Red+Violet
2026-04-14 14:12:04,20260414100051043,9,Big,Green
2026-04-14 14:12:04,20260414100051044,5,Big,Green+Violet
2026-04-14 14:24:40,20260414100051045,5,Big,Green+Violet
2026-04-14 14:24:40,20260414100051046,9,Big,Green
2026-04-14 14:24:40,20260414100051047,7,Big,Green
2026-04-14 14:24:40,20260414100051048,3,Small,Green
2026-04-14 14:24:40,20260414100051049,5,Big,Green+Violet
2026-04-14 14:24:38,20260414100051050,0,Small,Red+Violet
2026-04-14 14:24:38,20260414100051051,4,Small,Red
2026-04-14 14:24:38,20260414100051052,9,Big,Green
2026-04-14 14:24:38,20260414100051053,7,Big,Green
2026-04-14 14:24:38,20260414100051054,3,Small,Green
2026-04-14 14:24:38,20260414100051055,5,Big,Green+Violet
2026-04-14 14:24:38,20260414100051056,4,Small,Red
2026-04-14 14:24:38,20260414100051057,1,Small,Green
2026-04-14 14:24:38,20260414100051058,0,Small,Red+Violet
2026-04-14 14:24:38,20260414100051059,2,Small,Red
2026-04-14 14:24:37,20260414100051060,3,Small,Green
2026-04-14 14:24:37,20260414100051061,5,Big,Green+Violet
2026-04-14 14:24:37,20260414100051062,0,Small,Red+Violet
2026-04-14 14:24:37,20260414100051063,0,Small,Red+Violet
2026-04-14 14:24:37,20260414100051064,6,Big,Red
2026-04-14 14:24:37,20260414100051065,6,Big,Red
2026-04-14 14:24:37,20260414100051066,7,Big,Green
2026-04-14 14:24:37,20260414100051067,8,Big,Red
2026-04-14 14:24:37,20260414100051068,6,Big,Red
2026-04-14 14:24:37,20260414100051069,7,Big,Green
2026-04-14 14:24:58,20260414100051070,1,Small,Green
2026-04-14 14:25:28,20260414100051071,6,Big,Red
2026-04-14 14:25:59,20260414100051072,4,Small,Red
2026-04-14 14:26:29,20260414100051073,9,Big,Green
2026-04-14 14:26:58,20260414100051074,9,Big,Green
2026-04-14 14:28:33,20260414100051075,2,Small,Red
2026-04-14 14:28:33,20260414100051076,4,Small,Red
2026-04-14 14:28:33,20260414100051077,3,Small,Green
2026-04-14 14:29:28,20260414100051078,6,Big,Red
2026-04-14 14:29:28,20260414100051079,7,Big,Green
2026-04-14 14:29:58,20260414100051080,1,Small,Green
2026-04-14 14:30:29,20260414100051081,1,Small,Green
2026-04-14 14:30:58,20260414100051082,2,Small,Red
2026-04-14 14:31:28,20260414100051083,0,Small,Red+Violet
2026-04-14 14:32:35,20260414100051084,3,Small,Green
2026-04-14 14:32:35,20260414100051085,9,Big,Green
2026-04-14 14:32:58,20260414100051086,8,Big,Red
2026-04-14 14:33:28,20260414100051087,6,Big,Red
2026-04-14 14:33:58,20260414100051088,6,Big,Red
2026-04-14 14:34:29,20260414100051089,5,Big,Green+Violet
2026-04-14 14:34:58,20260414100051090,7,Big,Green
2026-04-14 14:35:28,20260414100051091,3,Small,Green
2026-04-14 14:36:29,20260414100051092,8,Big,Red
2026-04-14 14:36:29,20260414100051093,6,Big,Red
2026-04-14 14:36:58,20260414100051094,0,Small,Red+Violet
2026-04-14 14:37:35,20260414100051095,2,Small,Red
2026-04-14 14:38:34,20260414100051096,1,Small,Green
2026-04-14 14:38:34,20260414100051097,7,Big,Green
2026-04-14 14:38:58,20260414100051098,3,Small,Green
2026-04-14 14:39:36,20260414100051099,7,Big,Green
2026-04-14 14:40:28,20260414100051100,3,Small,Green
2026-04-14 14:40:28,20260414100051101,0,Small,Red+Violet
2026-04-14 14:41:28,20260414100051102,7,Big,Green
2026-04-14 14:41:28,20260414100051103,7,Big,Green
2026-04-14 14:41:58,20260414100051104,9,Big,Green
2026-04-14 14:42:29,20260414100051105,2,Small,Red
2026-04-14 14:42:58,20260414100051106,0,Small,Red+Violet
2026-04-14 14:43:59,20260414100051107,1,Small,Green
2026-04-14 14:43:59,20260414100051108,2,Small,Red
2026-04-14 14:44:28,20260414100051109,1,Small,Green
2026-04-14 14:44:58,20260414100051110,4,Small,Red
2026-04-14 14:45:58,20260414100051111,1,Small,Green
2026-04-14 14:45:58,20260414100051112,7,Big,Green
2026-04-14 14:46:28,20260414100051113,3,Small,Green
2026-04-14 14:46:57,20260414100051114,5,Big,Green+Violet
2026-04-14 14:47:29,20260414100051115,5,Big,Green+Violet
2026-04-14 14:47:58,20260414100051116,1,Small,Green
2026-04-14 14:49:30,20260414100051117,2,Small,Red
2026-04-14 14:49:30,20260414100051118,1,Small,Green
2026-04-14 14:49:30,20260414100051119,6,Big,Red
2026-04-14 14:50:29,20260414100051120,0,Small,Red+Violet
2026-04-14 14:50:29,20260414100051121,0,Small,Red+Violet
2026-04-14 14:51:28,20260414100051122,7,Big,Green
2026-04-14 14:51:28,20260414100051123,7,Big,Green
2026-04-14 14:51:57,20260414100051124,9,Big,Green
2026-04-14 14:52:28,20260414100051125,2,Small,Red
2026-04-14 14:52:58,20260414100051126,2,Small,Red
2026-04-14 14:53:58,20260414100051127,7,Big,Green
2026-04-14 14:53:58,20260414100051128,4,Small,Red
2026-04-14 14:54:28,20260414100051129,4,Small,Red
2026-04-14 14:54:59,20260414100051130,0,Small,Red+Violet
2026-04-14 14:55:28,20260414100051131,0,Small,Red+Violet
2026-04-14 14:56:29,20260414100051132,1,Small,Green
2026-04-14 14:56:29,20260414100051133,0,Small,Red+Violet
2026-04-14 14:57:28,20260414100051134,2,Small,Red
2026-04-14 14:57:28,20260414100051135,2,Small,Red
2026-04-14 14:57:58,20260414100051136,3,Small,Green
2026-04-14 14:58:37,20260414100051137,8,Big,Red
2026-04-14 14:59:00,20260414100051138,5,Big,Green+Violet
2026-04-14 21:03:07,20260414100051866,8,Big,Red
2026-04-14 21:03:34,20260414100051867,0,Small,Red+Violet
2026-04-14 21:04:05,20260414100051868,6,Big,Red
1776181668.6938152,20260414100051892,3,Small,Green
1776181678.733945,20260414100051896,8,Big,Red
1776181708.6861255,20260414100051897,7,Big,Green
1776181738.6890516,20260414100051898,7,Big,Green
1776181768.6477804,20260414100051899,2,Small,Red
1776181798.6975589,20260414100051900,8,Big,Red
1776181828.6457794,20260414100051901,6,Big,Red
1776181858.676026,20260414100051902,6,Big,Red
1776181888.6789908,20260414100051903,5,Big,Green+Violet
1776181918.722044,20260414100051904,8,Big,Red
1776181948.7665665,20260414100051905,0,Small,Red+Violet
1776181978.7023878,20260414100051906,9,Big,Green
1776182008.8307934,20260414100051907,1,Small,Green
1776182039.0582843,20260414100051908,7,Big,Green
1776182068.658015,20260414100051909,4,Small,Red
1776182098.6430879,20260414100051910,5,Big,Green+Violet
1776182128.6816027,20260414100051911,5,Big,Green+Violet
1776182159.4068034,20260414100051912,4,Small,Red
1776182188.658335,20260414100051913,3,Small,Green
1776182218.7010276,20260414100051914,9,Big,Green
1776182248.6709638,20260414100051915,1,Small,Green
1776182278.6962981,20260414100051916,2,Small,Red
1776182308.684817,20260414100051917,9,Big,Green
1776182339.0173652,20260414100051918,1,Small,Green
1776182368.6727803,20260414100051919,9,Big,Green
1776182398.6954665,20260414100051920,0,Small,Red+Violet
1776182428.6900132,20260414100051921,0,Small,Red+Violet
1776182458.6959662,20260414100051922,3,Small,Green
1776182488.7025578,20260414100051923,6,Big,Red
1776182522.38878,20260414100051924,4,Small,Red
1776182549.1542766,20260414100051925,8,Big,Red
1776182578.696714,20260414100051926,2,Small,Red
1776182608.7485962,20260414100051927,5,Big,Green+Violet
1776182638.675751,20260414100051928,1,Small,Green
1776182668.69672,20260414100051929,8,Big,Red
1776182699.9391196,20260414100051930,6,Big,Red
1776182729.096238,20260414100051931,5,Big,Green+Violet
1776182758.7695198,20260414100051932,0,Small,Red+Violet
1776182788.7308104,20260414100051933,6,Big,Red
1776182818.7032478,20260414100051934,5,Big,Green+Violet
1776182848.7237296,20260414100051935,7,Big,Green
1776182878.7110348,20260414100051936,0,Small,Red+Violet
1776182908.6765676,20260414100051937,0,Small,Red+Violet
1776182938.7007346,20260414100051938,8,Big,Red
1776182968.7126422,20260414100051939,0,Small,Red+Violet
1776182998.6843324,20260414100051940,6,Big,Red
1776183028.6560328,20260414100051941,9,Big,Green
1776183058.6677535,20260414100051942,0,Small,Red+Violet
1776183088.679751,20260414100051943,6,Big,Red
1776183118.7046068,20260414100051944,0,Small,Red+Violet
1776183148.6438797,20260414100051945,2,Small,Red
1776183178.6845555,20260414100051946,3,Small,Green
1776183208.6497853,20260414100051947,2,Small,Red
1776183238.7122488,20260414100051948,8,Big,Red
1776183268.6869164,20260414100051949,7,Big,Green
1776183298.7114599,20260414100051950,3,Small,Green
1776183412.1435597,20260414100051951,1,Small,Green
1776183417.736443,20260414100051954,8,Big,Red
1776183448.5599546,20260414100051955,7,Big,Green
1776183478.6534944,20260414100051956,5,Big,Green+Violet
1776183508.7113745,20260414100051957,6,Big,Red
1776183539.4649782,20260414100051958,3,Small,Green
1776183574.161582,20260414100051959,2,Small,Red
1776183601.2878127,20260414100051960,2,Small,Red
1776183628.4068205,20260414100051961,2,Small,Red
1776183665.3309326,20260414100051962,0,Small,Red+Violet
1776183688.7067747,20260414100051963,9,Big,Green
1776183723.6983502,20260414100051964,2,Small,Red
1776183748.8283994,20260414100051965,5,Big,Green+Violet
1776183778.6431212,20260414100051966,0,Small,Red+Violet
1776183808.745525,20260414100051967,5,Big,Green+Violet
1776183838.676544,20260414100051968,7,Big,Green
1776183868.6694095,20260414100051969,6,Big,Red
1776183898.7060912,20260414100051970,7,Big,Green
1776183928.6550782,20260414100051971,9,Big,Green
1776183958.6361613,20260414100051972,7,Big,Green
1776183988.7155106,20260414100051973,1,Small,Green
1776184018.6934984,20260414100051974,1,Small,Green
1776184048.7132795,20260414100051975,2,Small,Red
1776184078.6804662,20260414100051976,3,Small,Green
1776184108.6640496,20260414100051977,6,Big,Red
1776184138.6928506,20260414100051978,7,Big,Green
1776184168.693357,20260414100051979,5,Big,Green+Violet
1776184198.6608732,20260414100051980,1,Small,Green
1776184228.9622927,20260414100051981,2,Small,Red
1776184258.6647053,20260414100051982,5,Big,Green+Violet
1776184288.6720982,20260414100051983,5,Big,Green+Violet
1776184318.6681416,20260414100051984,5,Big,Green+Violet
1776184349.1919923,20260414100051985,2,Small,Red
1776184378.674212,20260414100051986,2,Small,Red
1776184408.6557107,20260414100051987,2,Small,Red
1776184438.6808066,20260414100051988,0,Small,Red+Violet
1776184468.6652164,20260414100051989,6,Big,Red
1776184498.7513738,20260414100051990,5,Big,Green+Violet
1776184528.688104,20260414100051991,1,Small,Green
1776184558.6852021,20260414100051992,4,Small,Red
1776184588.720544,20260414100051993,2,Small,Red
1776184618.7330415,20260414100051994,2,Small,Red
1776184649.2136564,20260414100051995,7,Big,Green
1776184678.795552,20260414100051996,9,Big,Green
1776184708.6902053,20260414100051997,6,Big,Red
1776184738.777182,20260414100051998,3,Small,Green
1776184768.6992543,20260414100051999,2,Small,Red
1776184798.6887884,20260414100052000,5,Big,Green+Violet
1776184828.7787206,20260414100052001,2,Small,Red
1776184858.8638053,20260414100052002,7,Big,Green
1776184888.7633867,20260414100052003,8,Big,Red
1776184918.6681075,20260414100052004,7,Big,Green
1776184948.651955,20260414100052005,1,Small,Green
1776184978.7227077,20260414100052006,5,Big,Green+Violet
1776185008.677395,20260414100052007,7,Big,Green
1776185038.71423,20260414100052008,6,Big,Red
1776185068.700102,20260414100052009,0,Small,Red+Violet
1776185098.671999,20260414100052010,6,Big,Red
1776185128.7214086,20260414100052011,0,Small,Red+Violet
1776185158.725004,20260414100052012,0,Small,Red+Violet
1776185188.650607,20260414100052013,4,Small,Red
1776185218.6812105,20260414100052014,0,Small,Red+Violet
1776185248.6471093,20260414100052015,6,Big,Red
1776185278.7363079,20260414100052016,8,Big,Red
1776185309.0027382,20260414100052017,8,Big,Red
1776185338.6743157,20260414100052018,0,Small,Red+Violet
1776185368.7112918,20260414100052019,1,Small,Green
1776185398.7119453,20260414100052020,4,Small,Red
1776185428.708948,20260414100052021,6,Big,Red
1776185462.7914996,20260414100052022,4,Small,Red
1776185518.7827075,20260414100052024,2,Small,Red
1776185548.731755,20260414100052025,3,Small,Green
1776185578.7002969,20260414100052026,4,Small,Red
1776185608.6225266,20260414100052027,3,Small,Green
1776185638.7128425,20260414100052028,5,Big,Green+Violet
1776185668.705503,20260414100052029,9,Big,Green
1776185698.6582355,20260414100052030,0,Small,Red+Violet
1776185728.6558313,20260414100052031,9,Big,Green
1776185758.7122242,20260414100052032,3,Small,Green
1776185788.6644113,20260414100052033,4,Small,Red
1776185818.7072146,20260414100052034,5,Big,Green+Violet
1776185848.6995351,20260414100052035,3,Small,Green
1776185896.5986102,20260414100052036,5,Big,Green+Violet
1776185908.6662061,20260414100052037,0,Small,Red+Violet
1776185938.6752665,20260414100052038,3,Small,Green
1776185968.7404444,20260414100052039,6,Big,Red
1776185998.7259328,20260414100052040,3,Small,Green
1776186028.630042,20260414100052041,2,Small,Red
1776186060.82662,20260414100052042,3,Small,Green
1776186088.752668,20260414100052043,3,Small,Green
1776408329.803555,20260417100050811,6,Big,Red
1776408359.8520274,20260417100050812,7,Big,Green
1776408389.796224,20260417100050813,2,Small,Red
1776408419.824853,20260417100050814,5,Big,Green+Violet
1776408449.8106475,20260417100050815,4,Small,Red
1776408479.7857144,20260417100050816,6,Big,Red
1776408509.8181844,20260417100050817,0,Small,Red+Violet
1776408539.7953305,20260417100050818,6,Big,Red
1776408569.8148718,20260417100050819,0,Small,Red+Violet
1776408599.776784,20260417100050820,6,Big,Red
1776408629.799212,20260417100050821,3,Small,Green
1776408659.8428588,20260417100050822,7,Big,Green
1776408689.7930052,20260417100050823,3,Small,Green
1776408719.8072171,20260417100050824,7,Big,Green
1776408749.8059163,20260417100050825,8,Big,Red
1776408779.9012253,20260417100050826,4,Small,Red
1776408809.9504156,20260417100050827,5,Big,Green+Violet
1776408857.7574937,20260417100050828,4,Small,Red
1776408870.4007895,20260417100050829,9,Big,Green
1776408899.9288752,20260417100050830,0,Small,Red+Violet
1776408929.8636625,20260417100050831,9,Big,Green
1776408960.033209,20260417100050832,2,Small,Red
1776408988.9173496,20260417100050833,1,Small,Green
1776409030.9580657,20260417100050834,7,Big,Green
1776409048.0666902,20260417100050835,1,Small,Green
1776409109.9639027,20260417100050837,4,Small,Red
1776409137.6054652,20260417100050838,8,Big,Red
1776409176.831573,20260417100050839,1,Small,Green
1776409199.850593,20260417100050840,8,Big,Red
1776409229.7942216,20260417100050841,4,Small,Red
1776409259.8380687,20260417100050842,2,Small,Red
1776409290.1325805,20260417100050843,2,Small,Red
1776409319.849268,20260417100050844,8,Big,Red
1776409349.822241,20260417100050845,7,Big,Green
1776409379.91495,20260417100050846,0,Small,Red+Violet
1776409409.9257002,20260417100050847,4,Small,Red
1776409439.9098697,20260417100050848,1,Small,Green
1776409469.9252143,20260417100050849,6,Big,Red
1776409499.7816305,20260417100050850,0,Small,Red+Violet
1776409529.983398,20260417100050851,0,Small,Red+Violet
1776409557.9676282,20260417100050852,0,Small,Red+Violet
1776409588.5940819,20260417100050853,2,Small,Red
1776409623.274582,20260417100050854,1,Small,Green
1776409649.8717844,20260417100050855,3,Small,Green
1776409679.8551102,20260417100050856,4,Small,Red
1776409709.8174877,20260417100050857,1,Small,Green
1776409739.8715599,20260417100050858,4,Small,Red
1776409769.8522658,20260417100050859,1,Small,Green
1776409799.8162565,20260417100050860,1,Small,Green
1776409829.834238,20260417100050861,6,Big,Red
1776409860.623347,20260417100050862,9,Big,Green
1776409945.7213268,20260417100050863,4,Small,Red
1776409991.7888138,20260417100050865,2,Small,Red
1776410051.8343365,20260417100050867,9,Big,Green
1776410111.7061121,20260417100050869,9,Big,Green
1776410139.4468646,20260417100050871,0,Small,Red+Violet
1776410171.411562,20260417100050872,3,Small,Green
1776410187.8478227,20260417100050873,4,Small,Red
1776410221.0801072,20260417100050874,8,Big,Red
1776410252.4967065,20260417100050875,1,Small,Green
1776410471.6310914,20260417100050877,5,Big,Green+Violet
1776619949.586519,20260419100052105,6,Big,Red
1776619979.6121352,20260419100052106,4,Small,Red
1776620009.5451097,20260419100052107,3,Small,Green
1776620039.575884,20260419100052108,2,Small,Red
1776620069.5324461,20260419100052109,0,Small,Red+Violet
1776620099.5139384,20260419100052110,2,Small,Red
1776620129.5053225,20260419100052111,6,Big,Red
1776620159.7841656,20260419100052112,8,Big,Red
1776620189.6890638,20260419100052113,6,Big,Red
1776620267.825655,20260419100052114,4,Small,Red
1776620327.9078987,20260419100052116,6,Big,Red
1776620387.7137158,20260419100052118,2,Small,Red
1776620448.420828,20260419100052120,5,Big,Green+Violet
1776620507.7717175,20260419100052122,0,Small,Red+Violet
2026-04-20T17:01:31.759119,20260420100051383,9,Big,Green
2026-04-20T17:01:59.779972,20260420100051384,1,Small,Green
2026-04-20T17:02:29.720800,20260420100051385,6,Big,Red
2026-04-20T17:02:59.775974,20260420100051386,8,Big,Red
2026-04-20T17:03:29.817057,20260420100051387,1,Small,Green
2026-04-20T17:03:59.837730,20260420100051388,5,Big,Green+Violet
2026-04-20T17:04:30.796767,20260420100051389,1,Small,Green
2026-04-20T17:04:59.731211,20260420100051390,4,Small,Red
